attempt_id,epoch_label,epoch,total_mean,opinion_mean,emotion_mean,source_artifact_sha256,run_instance_digest,cross_attempt_comparable
TASK20_VCCSA_EPOCH1_3_RECOVERY_RERUN_SEED3407_ATTEMPT2,Epoch 1,1,0.23960825182368906,0.11448143936190401,0.12512681240939444,c5ddc4fe8e023f477f6a5556e3b032a16f8a3585112f6d6d250214bdd52e4b5c,fe5c364b1cc60b1fbf6beab758d066901a4fad198705adf77afea8b6b2ae5cc3,false
TASK20_VCCSA_EPOCH1_3_RECOVERY_RERUN_SEED3407_ATTEMPT2,Epoch 2,2,0.1878921358859821,0.09971926883998175,0.0881728670321089,45ff303d9471fe2d101d9c2fe9f510f98aae9ae955d45cca28abcca446aed78a,fe5c364b1cc60b1fbf6beab758d066901a4fad198705adf77afea8b6b2ae5cc3,false
TASK20_VCCSA_EPOCH1_3_RECOVERY_RERUN_SEED3407_ATTEMPT2,Epoch 3,3,0.17230410999468643,0.09355574347048635,0.07874836649721095,bba09c5fd1680b33312956043c11d1d20edec9dd64ca4d3c6315830b9c146cbd,fe5c364b1cc60b1fbf6beab758d066901a4fad198705adf77afea8b6b2ae5cc3,false
TASK20_VCCSA_AUTHOR_ORIGINAL_FULL_SEED3407_ATTEMPT1,Epoch 4,4,0.14930133955605168,0.08177152217893478,0.06752981743030131,867ba78cc748e71bc8a0f71bfa33741f45b96ed81a4adfc013e5225197d959b9,ca7e9574fdf177f7cfcbfa46c93fa77349e92f403d1b22ed58a530cbe479dc2c,false
TASK20_VCCSA_AUTHOR_ORIGINAL_FULL_SEED3407_ATTEMPT1,Epoch 5,5,0.1337206645650623,0.07190646999609857,0.06181419465132018,5d595714c634679c341d1f6a927a1f009e608ecb2174265f686b1d0565162084,ca7e9574fdf177f7cfcbfa46c93fa77349e92f403d1b22ed58a530cbe479dc2c,false
TASK20_VCCSA_AUTHOR_ORIGINAL_FULL_SEED3407_ATTEMPT1,Epoch 6,6,0.11580228859361442,0.06069080177662807,0.05511148680607165,1506792f303ed21532cf87e54df847019ad4c6ce7213f9d0c97ada628c375f48,ca7e9574fdf177f7cfcbfa46c93fa77349e92f403d1b22ed58a530cbe479dc2c,false
TASK20_VCCSA_AUTHOR_ORIGINAL_FULL_SEED3407_ATTEMPT1,Epoch 7,7,0.102741686963045,0.05301490171691222,0.04972678522489871,1d4f101088c66ba715c355a16d449a865a8b63774f4d516be91423a2196ba9f0,ca7e9574fdf177f7cfcbfa46c93fa77349e92f403d1b22ed58a530cbe479dc2c,false
TASK20_VCCSA_AUTHOR_ORIGINAL_FULL_SEED3407_ATTEMPT1,Epoch 8,8,0.09397046418172729,0.048389741892323306,0.04558072226479627,d2d57f2fc576c94fe5e9c638d3a8718546337bf72f9996ab94c6cccc10de87c7,ca7e9574fdf177f7cfcbfa46c93fa77349e92f403d1b22ed58a530cbe479dc2c,false
TASK20_VCCSA_AUTHOR_ORIGINAL_FULL_SEED3407_ATTEMPT1,Epoch 9,9,0.0862020728353553,0.04419991746197552,0.04200215537228832,ce5fe7d7b3d1f6ec3711bffa861381b6408528ee4d675be2ea3392289c2eef8d,ca7e9574fdf177f7cfcbfa46c93fa77349e92f403d1b22ed58a530cbe479dc2c,false
TASK20_VCCSA_AUTHOR_ORIGINAL_FULL_SEED3407_ATTEMPT1,Epoch 10,10,0.08190333250939415,0.04230650620405627,0.039596826271899165,a580adff3bd8e18089d1794fd6f42fe6b8cbc92c63833ba683c04bb27b677ed0,ca7e9574fdf177f7cfcbfa46c93fa77349e92f403d1b22ed58a530cbe479dc2c,false
TASK20_VCCSA_AUTHOR_ORIGINAL_FULL_SEED3407_ATTEMPT1,Epoch 11,11,0.07851429852573076,0.04049401949873226,0.038020279011618675,96020d0e34cdbf9cee7d5791d497126aa2ab632b39e730e2a31555def1062893,ca7e9574fdf177f7cfcbfa46c93fa77349e92f403d1b22ed58a530cbe479dc2c,false
TASK20_VCCSA_AUTHOR_ORIGINAL_FULL_SEED3407_ATTEMPT1,Epoch 12,12,0.07525737179931823,0.03873795054024635,0.03651942123158664,87dd567e4d72fcb5779acfd9d673412167e095152e58e2b68bf4425dd8ae862e,ca7e9574fdf177f7cfcbfa46c93fa77349e92f403d1b22ed58a530cbe479dc2c,false
TASK20_VCCSA_AUTHOR_ORIGINAL_FULL_SEED3407_ATTEMPT1,Epoch 13,13,0.07138597953551815,0.0366804593837507,0.03470552011924656,2a05ecd32c2a1aa7b0b838309b0a9b37304361830dd11544e73d0a011460a3ec,ca7e9574fdf177f7cfcbfa46c93fa77349e92f403d1b22ed58a530cbe479dc2c,false
TASK20_VCCSA_AUTHOR_ORIGINAL_FULL_SEED3407_ATTEMPT1,Epoch 14,14,0.06428158789199984,0.03289869708258515,0.031382890805346474,19379f09d6837567e2ced838920aa57fa472d93987c94617248cb49260a8984c,ca7e9574fdf177f7cfcbfa46c93fa77349e92f403d1b22ed58a530cbe479dc2c,false
TASK20_VCCSA_AUTHOR_ORIGINAL_FULL_SEED3407_ATTEMPT1,Epoch 15,15,0.057375971730357925,0.02951812115279593,0.02785785053757446,201e0375fe595f727c101087e46e95f028381d2738aef221418656c35ae38aa5,ca7e9574fdf177f7cfcbfa46c93fa77349e92f403d1b22ed58a530cbe479dc2c,false
TASK20_VCCSA_AUTHOR_ORIGINAL_FULL_SEED3407_ATTEMPT1,Epoch 16,16,0.05238017363657537,0.02652550037277931,0.025854673308248702,9e117badf3d827408aeba91f52987915c937974870f87fe89a9b58e042ea0e0f,ca7e9574fdf177f7cfcbfa46c93fa77349e92f403d1b22ed58a530cbe479dc2c,false
TASK20_VCCSA_AUTHOR_ORIGINAL_FULL_SEED3407_ATTEMPT1,Epoch 17,17,0.04699834421810478,0.023610223061246362,0.023388121154204158,dbc2c43b33274dd61d246605b02defe7e6f8d5cc7b4e22eac1529b2ba4eb939f,ca7e9574fdf177f7cfcbfa46c93fa77349e92f403d1b22ed58a530cbe479dc2c,false
TASK20_VCCSA_AUTHOR_ORIGINAL_FULL_SEED3407_ATTEMPT1,Epoch 18,18,0.04275939702297464,0.021634297420548274,0.021125099628559664,f21ac2f05ae6102f290097ceb1c2c9be031f8002cb5eab4d22d413584fc73627,ca7e9574fdf177f7cfcbfa46c93fa77349e92f403d1b22ed58a530cbe479dc2c,false
TASK20_VCCSA_AUTHOR_ORIGINAL_FULL_SEED3407_ATTEMPT1,Epoch 19,19,0.03955824261711029,0.019554149337883284,0.020004093279549485,b481113a2f35fb8fb6bf5b6b9cbc3ea836c0210828b389800f224dcdf3a8b4c6,ca7e9574fdf177f7cfcbfa46c93fa77349e92f403d1b22ed58a530cbe479dc2c,false
TASK20_VCCSA_AUTHOR_ORIGINAL_FULL_SEED3407_ATTEMPT1,Epoch 20,20,0.0358535404231847,0.017802045082778807,0.018051495344722165,ef026800cd1d646be4f796a8de7964e0caad1afb5a64629bf2ad54b4663e4492,ca7e9574fdf177f7cfcbfa46c93fa77349e92f403d1b22ed58a530cbe479dc2c,false
TASK20_VCCSA_AUTHOR_ORIGINAL_FULL_SEED3407_ATTEMPT1,Epoch 21,21,0.03241856967920789,0.01563986862074861,0.01677870105707634,64c9ed7718560712aa7e319f2fe5b3af9e4147f6bdc67007000a3a491ea7a168,ca7e9574fdf177f7cfcbfa46c93fa77349e92f403d1b22ed58a530cbe479dc2c,false
TASK20_VCCSA_AUTHOR_ORIGINAL_FULL_SEED3407_ATTEMPT1,Epoch 22,22,0.03043230997118484,0.014672159494643334,0.015760150483995754,2bae7b51879a637611a62af13c57787f5afeacf8652ad41dd4f4afceada05fc8,ca7e9574fdf177f7cfcbfa46c93fa77349e92f403d1b22ed58a530cbe479dc2c,false
TASK20_VCCSA_AUTHOR_ORIGINAL_FULL_SEED3407_ATTEMPT1,Epoch 23,23,0.02796012101595816,0.013334069396523453,0.014626051605059536,398bb086b14579e89ddcaad86602b8a9c0d77b29e3ad2c182cedec9caaf5a405,ca7e9574fdf177f7cfcbfa46c93fa77349e92f403d1b22ed58a530cbe479dc2c,false
TASK20_VCCSA_AUTHOR_ORIGINAL_FULL_SEED3407_ATTEMPT1,Epoch 24,24,0.026306419626928923,0.012539220114363819,0.01376719950529535,d97486a94a650889f33d613acf0c9adbf6cf352a65cd39c38ff5b759b0e6e697,ca7e9574fdf177f7cfcbfa46c93fa77349e92f403d1b22ed58a530cbe479dc2c,false
TASK20_VCCSA_AUTHOR_ORIGINAL_FULL_SEED3407_ATTEMPT1,Epoch 25,25,0.024076468667218645,0.011479181325605471,0.01259728733571551,d2f9e9872e6a1421d1235431698849a84829fe83c9b1b5c30b91103910a95f99,ca7e9574fdf177f7cfcbfa46c93fa77349e92f403d1b22ed58a530cbe479dc2c,false
TASK20_VCCSA_AUTHOR_ORIGINAL_FULL_SEED3407_ATTEMPT1,Epoch 26,26,0.022531271263302736,0.010560131121904792,0.01197114015013359,ca268c36f0dc450a956f3fd9b1d3992ed77ee97d2cbad59a84c27e578bf11280,ca7e9574fdf177f7cfcbfa46c93fa77349e92f403d1b22ed58a530cbe479dc2c,false
TASK20_VCCSA_AUTHOR_ORIGINAL_FULL_SEED3407_ATTEMPT1,Epoch 27,27,0.021954192043872577,0.01029682113673202,0.01165737091395605,37045d8727c546af8a2ca922905dc14f7ca7482efb13b9020f57939c5624b819,ca7e9574fdf177f7cfcbfa46c93fa77349e92f403d1b22ed58a530cbe479dc2c,false
TASK20_VCCSA_AUTHOR_ORIGINAL_FULL_SEED3407_ATTEMPT1,Epoch 28,28,0.019601662919396006,0.009064843399431356,0.010536819518476282,7f3508659f83ed33120637db93b7cef529fd6ae3653616d44d97c7f06d1169e1,ca7e9574fdf177f7cfcbfa46c93fa77349e92f403d1b22ed58a530cbe479dc2c,false
TASK20_VCCSA_AUTHOR_ORIGINAL_FULL_SEED3407_ATTEMPT1,Epoch 29,29,0.018886119935433536,0.008693593924360954,0.010192525993452455,aea3762653dc463eec4e97e5255eff2741b8190910f734d296c9c414657626ea,ca7e9574fdf177f7cfcbfa46c93fa77349e92f403d1b22ed58a530cbe479dc2c,false
TASK20_VCCSA_AUTHOR_ORIGINAL_FULL_SEED3407_ATTEMPT1,Epoch 30,30,0.018100725060989975,0.00864655639993091,0.009454168663013325,cf417900332bb20b452816a147692f5c80eb452f78d5e0ecd26e9df4d8e73dac,ca7e9574fdf177f7cfcbfa46c93fa77349e92f403d1b22ed58a530cbe479dc2c,false
TASK20_VCCSA_AUTHOR_ORIGINAL_FULL_SEED3407_ATTEMPT1,Epoch 31,31,0.016688010675327998,0.007688394819551872,0.008999615854152872,e1c68edd7b9c04ed34e73ab23322cfd470639235b50bbb2750cdad192de6198f,ca7e9574fdf177f7cfcbfa46c93fa77349e92f403d1b22ed58a530cbe479dc2c,false
TASK20_VCCSA_AUTHOR_ORIGINAL_FULL_SEED3407_ATTEMPT1,Epoch 32,32,0.016030166486603433,0.0073255321629573395,0.008704634320589124,dc88bf046ebacfd16a4515866093bc3fb6830ea5c5bdf0506d58d27f7f7db20c,ca7e9574fdf177f7cfcbfa46c93fa77349e92f403d1b22ed58a530cbe479dc2c,false
TASK20_VCCSA_AUTHOR_ORIGINAL_FULL_SEED3407_ATTEMPT1,Epoch 33,33,0.014730876885097676,0.006800229098320552,0.007930647780373161,fe4c4df0ddb8f22fa0dfd4d9c56bdb8137f25c65f35b6757b2f49d4275bf7daa,ca7e9574fdf177f7cfcbfa46c93fa77349e92f403d1b22ed58a530cbe479dc2c,false
TASK20_VCCSA_AUTHOR_ORIGINAL_FULL_SEED3407_ATTEMPT1,Epoch 34,34,0.014448455171688364,0.00667020697844998,0.007778248203698252,266324826d959e319d4d894a209406376f23446fdd5e274679b05a4d75da8568,ca7e9574fdf177f7cfcbfa46c93fa77349e92f403d1b22ed58a530cbe479dc2c,false
TASK20_VCCSA_AUTHOR_ORIGINAL_FULL_SEED3407_ATTEMPT1,Epoch 35,35,0.013422473414675095,0.006333244732377178,0.007089228674718375,5e3cf7d3c6b34944e8164a1492d03eccf5635e3de118289be326a589d2abbc53,ca7e9574fdf177f7cfcbfa46c93fa77349e92f403d1b22ed58a530cbe479dc2c,false
TASK20_VCCSA_AUTHOR_ORIGINAL_FULL_SEED3407_ATTEMPT1,Epoch 36,36,0.01262959210066898,0.005800163112960613,0.0068294289765221455,ddb8cc16bb9f83f00d4962ce4a49538c00a6d9bdbbd18e6bbd5ed8a20ac6192c,ca7e9574fdf177f7cfcbfa46c93fa77349e92f403d1b22ed58a530cbe479dc2c,false
TASK20_VCCSA_AUTHOR_ORIGINAL_FULL_SEED3407_ATTEMPT1,Epoch 37,37,0.011983380987199251,0.005396147794424242,0.006587233195438571,b2f8c33d2b6c35bcc5d97a6dd9a8ec69fa891e7254eb4aa4abd901fbcae53c29,ca7e9574fdf177f7cfcbfa46c93fa77349e92f403d1b22ed58a530cbe479dc2c,false
TASK20_VCCSA_AUTHOR_ORIGINAL_FULL_SEED3407_ATTEMPT1,Epoch 38,38,0.011786888293163897,0.005615208758576445,0.006171679529666481,2addd63d1c87ed229b82d5952855a4755cab80b407fcd6b247d6066acb54f48f,ca7e9574fdf177f7cfcbfa46c93fa77349e92f403d1b22ed58a530cbe479dc2c,false
TASK20_VCCSA_AUTHOR_ORIGINAL_FULL_SEED3407_ATTEMPT1,Epoch 39,39,0.010926625783672735,0.0051857155800375775,0.005740910204646615,d1290167fed5eee3fcca72f3865800c0db2d1b8cc059c8ccbf98299ce4c036bc,ca7e9574fdf177f7cfcbfa46c93fa77349e92f403d1b22ed58a530cbe479dc2c,false
TASK20_VCCSA_AUTHOR_ORIGINAL_FULL_SEED3407_ATTEMPT1,Epoch 40,40,0.010266695709072848,0.004620414752312841,0.005646280942898547,42b38b6e1180577cadc6ee76984ad3e935cd3d4f1d370cd65858fdc91c23a2f4,ca7e9574fdf177f7cfcbfa46c93fa77349e92f403d1b22ed58a530cbe479dc2c,false
TASK20_VCCSA_AUTHOR_ORIGINAL_FULL_SEED3407_ATTEMPT1,Epoch 41,41,0.00973800315770947,0.004355587613134211,0.005382415541021461,3f83da1d824d6ce68e0ce61ab10ab5aabf038cd664905d9081d4f42df28f8ea4,ca7e9574fdf177f7cfcbfa46c93fa77349e92f403d1b22ed58a530cbe479dc2c,false
TASK20_VCCSA_AUTHOR_ORIGINAL_FULL_SEED3407_ATTEMPT1,Epoch 42,42,0.00953853361992307,0.004357551801814984,0.005180981809685812,15d4bebdfac2f3f2fa0b5a8411ca5c6b977c5b3faf2d1e0c23c6634ad2270d3c,ca7e9574fdf177f7cfcbfa46c93fa77349e92f403d1b22ed58a530cbe479dc2c,false
TASK20_VCCSA_AUTHOR_ORIGINAL_FULL_SEED3407_ATTEMPT1,Epoch 43,43,0.009313652943029375,0.004311113791492896,0.005002539153718671,e8b03616eaf9423cf9ced239892f8f81dd1c1783f209e1cd4905bfbcdf097ad1,ca7e9574fdf177f7cfcbfa46c93fa77349e92f403d1b22ed58a530cbe479dc2c,false
TASK20_VCCSA_AUTHOR_ORIGINAL_FULL_SEED3407_ATTEMPT1,Epoch 44,44,0.008821024893237706,0.004157457487690098,0.004663567403012535,1b374b15a02e0a9b5d7c0f445a3857af213ed7f5b49b6ee2c30038137691d332,ca7e9574fdf177f7cfcbfa46c93fa77349e92f403d1b22ed58a530cbe479dc2c,false
TASK20_VCCSA_AUTHOR_ORIGINAL_FULL_SEED3407_ATTEMPT1,Epoch 45,45,0.008301880503481,0.004069191191720084,0.004232689314538818,dd94aa8eff9212f1f01b21d36eb79e44800c4bc29f01ed05c94141c4e8218d5f,ca7e9574fdf177f7cfcbfa46c93fa77349e92f403d1b22ed58a530cbe479dc2c,false
TASK20_VCCSA_AUTHOR_ORIGINAL_FULL_SEED3407_ATTEMPT1,Epoch 46,46,0.00952564134316372,0.004115411568627757,0.005410229769367535,11b6bfd2fb7b749c563536987297e0ff5b257b105ed9482d8f8af8e81afa7d3c,ca7e9574fdf177f7cfcbfa46c93fa77349e92f403d1b22ed58a530cbe479dc2c,false
TASK20_VCCSA_AUTHOR_ORIGINAL_FULL_SEED3407_ATTEMPT1,Epoch 47,47,0.007425911904727597,0.0034859601624932595,0.003939951743426644,64089e6332a15c5aeabfa3d120f7ace0585ae8492547d97e7cc0b45660b014de,ca7e9574fdf177f7cfcbfa46c93fa77349e92f403d1b22ed58a530cbe479dc2c,false
TASK20_VCCSA_AUTHOR_ORIGINAL_FULL_SEED3407_ATTEMPT1,Epoch 48,48,0.0070102693913239025,0.0032399474039927446,0.003770321984275082,67f33c51039444c607d1c1e5a4c6c900435f96846f11532b2a2afddc3b94d1a3,ca7e9574fdf177f7cfcbfa46c93fa77349e92f403d1b22ed58a530cbe479dc2c,false
TASK20_VCCSA_AUTHOR_ORIGINAL_FULL_SEED3407_ATTEMPT1,Epoch 49,49,0.0073375164159866476,0.0035773779836199815,0.003760138434370745,8bbccc0d97bc796ebb78c6c644389d1465844c7ad9615af5f7ffb84b87cf986e,ca7e9574fdf177f7cfcbfa46c93fa77349e92f403d1b22ed58a530cbe479dc2c,false
TASK20_VCCSA_AUTHOR_ORIGINAL_FULL_SEED3407_ATTEMPT1,Epoch 50,50,0.006927309598276275,0.003104753332182,0.003822556267409402,3b14c80f6657f4791029fdfadbcaf830458acebdbc9b810a475f335f388f4f38,ca7e9574fdf177f7cfcbfa46c93fa77349e92f403d1b22ed58a530cbe479dc2c,false
TASK20_VCCSA_AUTHOR_ORIGINAL_FULL_SEED3407_ATTEMPT1,Epoch 51,51,0.006167300561720659,0.0027144994271096168,0.0034528011390445993,9632fdfcd9638682a9a811411fe91d73218fe42c9f4a52c4455ce30ad99a12d3,ca7e9574fdf177f7cfcbfa46c93fa77349e92f403d1b22ed58a530cbe479dc2c,false
TASK20_VCCSA_AUTHOR_ORIGINAL_FULL_SEED3407_ATTEMPT1,Epoch 52,52,0.006076702183554991,0.0027998388085242955,0.0032768633714717987,7d0d78f0e7198b0a9c14de9fe3c27c92df1877cd92a380a0e9636034e1ab785d,ca7e9574fdf177f7cfcbfa46c93fa77349e92f403d1b22ed58a530cbe479dc2c,false
TASK20_VCCSA_AUTHOR_ORIGINAL_FULL_SEED3407_ATTEMPT1,Epoch 53,53,0.005778628935956023,0.0026898701766002774,0.0030887587607726155,93728c107ab6095c8fc495b093f382215a85b89ee7e23cb327e9d0598aafc898,ca7e9574fdf177f7cfcbfa46c93fa77349e92f403d1b22ed58a530cbe479dc2c,false
TASK20_VCCSA_AUTHOR_ORIGINAL_FULL_SEED3407_ATTEMPT1,Epoch 54,54,0.0059184047235015785,0.00286991853510103,0.003048486177245412,5950fdfa50b5390d0f1b2e91f3993bbede6fed1890ce6f66a3471a8b352d22f7,ca7e9574fdf177f7cfcbfa46c93fa77349e92f403d1b22ed58a530cbe479dc2c,false
TASK20_VCCSA_AUTHOR_ORIGINAL_FULL_SEED3407_ATTEMPT1,Epoch 55,55,0.005335342500201221,0.002453082788871634,0.0028822597106997,d012d057216a3dacb103e4439c8f51ba18e74f0fb031f98a287cfa52817c832e,ca7e9574fdf177f7cfcbfa46c93fa77349e92f403d1b22ed58a530cbe479dc2c,false
TASK20_VCCSA_AUTHOR_ORIGINAL_FULL_SEED3407_ATTEMPT1,Epoch 56,56,0.005354336976221893,0.0025949146426177965,0.002759422339179064,c219d51922086a1e25f4ac0548bd897b604a61c136a0e63903ca9fcec50c1f6d,ca7e9574fdf177f7cfcbfa46c93fa77349e92f403d1b22ed58a530cbe479dc2c,false
TASK20_VCCSA_AUTHOR_ORIGINAL_FULL_SEED3407_ATTEMPT1,Epoch 57,57,0.0046239847657144435,0.0021065714188414665,0.002517413345850752,b14b0c58905f18bc77fe0a405b9170c7184796a69fe9345efd77a1f004483eb9,ca7e9574fdf177f7cfcbfa46c93fa77349e92f403d1b22ed58a530cbe479dc2c,false
TASK20_VCCSA_AUTHOR_ORIGINAL_FULL_SEED3407_ATTEMPT1,Epoch 58,58,0.004681666803838634,0.0023228061065972377,0.0023588606960308137,9fa6094fcaa3e20d085b853f697d9b47fefbdf4f1b9f45fda366d91b71ee204a,ca7e9574fdf177f7cfcbfa46c93fa77349e92f403d1b22ed58a530cbe479dc2c,false
TASK20_VCCSA_AUTHOR_ORIGINAL_FULL_SEED3407_ATTEMPT1,Epoch 59,59,0.004677118160427529,0.0022626384099025884,0.002414479745117288,65523d37920971c0d25cdd540f31a4c5fbd9267ee6bb8177e9e11525ca59cf9f,ca7e9574fdf177f7cfcbfa46c93fa77349e92f403d1b22ed58a530cbe479dc2c,false
TASK20_VCCSA_AUTHOR_ORIGINAL_FULL_SEED3407_ATTEMPT1,Epoch 60,60,0.004215037904250432,0.0018950576855327156,0.0023199802175757423,586e94731839fd9aaf0e8a8e030e43b5b3342cfc0ae66cb2c2cd40e63834bf00,ca7e9574fdf177f7cfcbfa46c93fa77349e92f403d1b22ed58a530cbe479dc2c,false
TASK20_VCCSA_AUTHOR_ORIGINAL_FULL_SEED3407_ATTEMPT1,Epoch 61,61,0.0040078079934765575,0.0017946412190111471,0.0022131667813428324,0dddd809d448646a150b2610c9aad7110cbe8fb64d83c485846729814388e347,ca7e9574fdf177f7cfcbfa46c93fa77349e92f403d1b22ed58a530cbe479dc2c,false
TASK20_VCCSA_AUTHOR_ORIGINAL_FULL_SEED3407_ATTEMPT1,Epoch 62,62,0.00436633354050545,0.002048702431868497,0.0023176311036481835,e36d8bc375a01e345adfcb76a0d0496027458d72d4fcc97862a77b0c341f5033,ca7e9574fdf177f7cfcbfa46c93fa77349e92f403d1b22ed58a530cbe479dc2c,false
TASK20_VCCSA_AUTHOR_ORIGINAL_FULL_SEED3407_ATTEMPT1,Epoch 63,63,0.003693631093395967,0.0017559657234525485,0.0019376653656378504,bf120acf6040b4b6c66fc612cd44a8d47f6b84a237f42b8b073013b27a5157ac,ca7e9574fdf177f7cfcbfa46c93fa77349e92f403d1b22ed58a530cbe479dc2c,false
TASK20_VCCSA_AUTHOR_ORIGINAL_FULL_SEED3407_ATTEMPT1,Epoch 64,64,0.0036130474419179717,0.0016744835536861267,0.0019385638894573911,5666147f21c66cf214baf9594922357f46dba7c666be152157ae7858f14c0612,ca7e9574fdf177f7cfcbfa46c93fa77349e92f403d1b22ed58a530cbe479dc2c,false
TASK20_VCCSA_AUTHOR_ORIGINAL_FULL_SEED3407_ATTEMPT1,Epoch 65,65,0.0036689905763185146,0.0017641001508253667,0.0019048904248733707,b6c56a02bb16b6f6621b005158897df46171af896a11bf3ec9979c0da5ad6bba,ca7e9574fdf177f7cfcbfa46c93fa77349e92f403d1b22ed58a530cbe479dc2c,false
TASK20_VCCSA_AUTHOR_ORIGINAL_FULL_SEED3407_ATTEMPT1,Epoch 66,66,0.003332596993497625,0.0014577705577100088,0.0018748264339349134,978a2448ff5286163ee13adbedcb5a462547d5fd519484521896179602be120f,ca7e9574fdf177f7cfcbfa46c93fa77349e92f403d1b22ed58a530cbe479dc2c,false
TASK20_VCCSA_AUTHOR_ORIGINAL_FULL_SEED3407_ATTEMPT1,Epoch 67,67,0.0030277160637387198,0.0014762605687819496,0.001551455493790222,ba742eb5c4dc5ef8d95399b0680e3e983892b149fb907f25d2fa2a45906bc063,ca7e9574fdf177f7cfcbfa46c93fa77349e92f403d1b22ed58a530cbe479dc2c,false
TASK20_VCCSA_AUTHOR_ORIGINAL_FULL_SEED3407_ATTEMPT1,Epoch 68,68,0.0032574020345339837,0.001598070125868055,0.001659331908949126,8c6b87b449c2e05de7db70e9143a446acd257f9d099c274bcb90aaeb6a18c1d8,ca7e9574fdf177f7cfcbfa46c93fa77349e92f403d1b22ed58a530cbe479dc2c,false
TASK20_VCCSA_AUTHOR_ORIGINAL_FULL_SEED3407_ATTEMPT1,Epoch 69,69,0.0029020379016883396,0.0014028725314784163,0.0014991653691887965,31f829207432f4022c41949aae47cdd4527d3c83492b96679dfda8a8d400592e,ca7e9574fdf177f7cfcbfa46c93fa77349e92f403d1b22ed58a530cbe479dc2c,false
TASK20_VCCSA_AUTHOR_ORIGINAL_FULL_SEED3407_ATTEMPT1,Epoch 70,70,0.0027094825289204314,0.001264967981171386,0.0014445145468096067,efbf91ebdfb4661dbefccde5792a6ea9782db995afc0d0fc76f56bda02b9c3f5,ca7e9574fdf177f7cfcbfa46c93fa77349e92f403d1b22ed58a530cbe479dc2c,false
TASK20_VCCSA_AUTHOR_ORIGINAL_FULL_SEED3407_ATTEMPT1,Epoch 71,71,0.0026470066865129202,0.0013005040711854992,0.001346502614069518,831968f4527d4b18c376066fc6841335cafdc1b4dc580c0c7019052347fe6da6,ca7e9574fdf177f7cfcbfa46c93fa77349e92f403d1b22ed58a530cbe479dc2c,false
TASK20_VCCSA_AUTHOR_ORIGINAL_FULL_SEED3407_ATTEMPT1,Epoch 72,72,0.0025855094595450584,0.0011464453644413144,0.0014390640986119475,01b938881905680c5635a7c0bd8c9ea9dcfe74a6aeaa162eaa53abd474e94869,ca7e9574fdf177f7cfcbfa46c93fa77349e92f403d1b22ed58a530cbe479dc2c,false
TASK20_VCCSA_AUTHOR_ORIGINAL_FULL_SEED3407_ATTEMPT1,Epoch 73,73,0.0024404919664265732,0.0010979177636458823,0.0013425741990103135,1bca31352956d10f214d0904185fd6e168a28e8ddd013d0a1b16a9199e03002e,ca7e9574fdf177f7cfcbfa46c93fa77349e92f403d1b22ed58a530cbe479dc2c,false
TASK20_VCCSA_AUTHOR_ORIGINAL_FULL_SEED3407_ATTEMPT1,Epoch 74,74,0.002378637507588095,0.0011375271584801653,0.0012411103508232666,763c1d3e5346207876740926e61c7742ac78044df85b728be69a19dc39dd2535,ca7e9574fdf177f7cfcbfa46c93fa77349e92f403d1b22ed58a530cbe479dc2c,false
TASK20_VCCSA_AUTHOR_ORIGINAL_FULL_SEED3407_ATTEMPT1,Epoch 75,75,0.002085184057592038,0.0009813394791827737,0.0011038445773157463,bc89f205cf41877e05d0f5269e63fe4640526ebbcf15bd239871006fef5033b4,ca7e9574fdf177f7cfcbfa46c93fa77349e92f403d1b22ed58a530cbe479dc2c,false
TASK20_VCCSA_AUTHOR_ORIGINAL_FULL_SEED3407_ATTEMPT1,Epoch 76,76,0.0021560526665375065,0.0010863070172742453,0.0010697456459096701,fb3ed6ec28f1f55c09e3609ca01d64fe4647e81c324b4f39f3b9e0679190fea5,ca7e9574fdf177f7cfcbfa46c93fa77349e92f403d1b22ed58a530cbe479dc2c,false
TASK20_VCCSA_AUTHOR_ORIGINAL_FULL_SEED3407_ATTEMPT1,Epoch 77,77,0.0020356826882557614,0.0009490695385366801,0.0010866131478916893,302d67d86e608f115e1c618a2ae68d3a6053acf71b9fb9b7253ba26b9aed673d,ca7e9574fdf177f7cfcbfa46c93fa77349e92f403d1b22ed58a530cbe479dc2c,false
TASK20_VCCSA_AUTHOR_ORIGINAL_FULL_SEED3407_ATTEMPT1,Epoch 78,78,0.0020024822522168926,0.0009748751502844396,0.0010276071037336873,073e3daa08f412bcad30c1b5935c1e61e6ef29681978ead29d74a993a746f372,ca7e9574fdf177f7cfcbfa46c93fa77349e92f403d1b22ed58a530cbe479dc2c,false
TASK20_VCCSA_AUTHOR_ORIGINAL_FULL_SEED3407_ATTEMPT1,Epoch 79,79,0.0017840296219064561,0.0008435673913693493,0.000940462226776845,df5e9c082dd367553d88ee3a3a5c71dea042de02cc7f48e84bbe41078391460f,ca7e9574fdf177f7cfcbfa46c93fa77349e92f403d1b22ed58a530cbe479dc2c,false
TASK20_VCCSA_AUTHOR_ORIGINAL_FULL_SEED3407_ATTEMPT1,Epoch 80,80,0.00168367806243962,0.0007660927077181673,0.0009175853532664868,66f653558e306e1eb64819cab30946a10f0d273eb4168ffd6ee71a022a6347f4,ca7e9574fdf177f7cfcbfa46c93fa77349e92f403d1b22ed58a530cbe479dc2c,false
TASK20_VCCSA_AUTHOR_ORIGINAL_FULL_SEED3407_ATTEMPT1,Epoch 81,81,0.0016423048019092701,0.000813749548857184,0.0008285552547116288,3a271d57bf9bceb0d53ef7381d3b206c9edc0b64b458fa536e365734f8cff0d9,ca7e9574fdf177f7cfcbfa46c93fa77349e92f403d1b22ed58a530cbe479dc2c,false
TASK20_VCCSA_AUTHOR_ORIGINAL_FULL_SEED3407_ATTEMPT1,Epoch 82,82,0.001607569574968462,0.0008443072649793,0.0007632623061643789,58fcc9b688bb657114703d25f63fa8be97215a033a7b16b2e8d18894ed1c7c61,ca7e9574fdf177f7cfcbfa46c93fa77349e92f403d1b22ed58a530cbe479dc2c,false
TASK20_VCCSA_AUTHOR_ORIGINAL_FULL_SEED3407_ATTEMPT1,Epoch 83,83,0.001481796762150321,0.0007032524437456649,0.0007785443207879311,23a908bb9fcb288b3ef15ebc8c52a5c81c45f7682c8932c29330f6c4e7137c7d,ca7e9574fdf177f7cfcbfa46c93fa77349e92f403d1b22ed58a530cbe479dc2c,false
TASK20_VCCSA_AUTHOR_ORIGINAL_FULL_SEED3407_ATTEMPT1,Epoch 84,84,0.0013963242520167287,0.0006729233890607945,0.0007234008614094099,6fbbfdf13c9efe73c826b8f67e0096ea5b3700bda9c455752a65dcc99e15359c,ca7e9574fdf177f7cfcbfa46c93fa77349e92f403d1b22ed58a530cbe479dc2c,false
TASK20_VCCSA_AUTHOR_ORIGINAL_FULL_SEED3407_ATTEMPT1,Epoch 85,85,0.0012820031432837842,0.0006337061870398568,0.0006482969546621637,38dc346e2b713e3b5025a6808ba83d17469e93c7077e44ec21e9d1da126e10b0,ca7e9574fdf177f7cfcbfa46c93fa77349e92f403d1b22ed58a530cbe479dc2c,false
TASK20_VCCSA_AUTHOR_ORIGINAL_FULL_SEED3407_ATTEMPT1,Epoch 86,86,0.0013140240576919135,0.0006366470264700987,0.0006773770332833399,d731dab0ed0e0eaee5803ae668fe7f5f8a8e881c230267968010466d61816436,ca7e9574fdf177f7cfcbfa46c93fa77349e92f403d1b22ed58a530cbe479dc2c,false
TASK20_VCCSA_AUTHOR_ORIGINAL_FULL_SEED3407_ATTEMPT1,Epoch 87,87,0.001143075468156848,0.0005444895290746815,0.0005985859404020081,e139f2b245721b122ecb3183e897289144ea6dc58d07096fc588352dac042795,ca7e9574fdf177f7cfcbfa46c93fa77349e92f403d1b22ed58a530cbe479dc2c,false
TASK20_VCCSA_AUTHOR_ORIGINAL_FULL_SEED3407_ATTEMPT1,Epoch 88,88,0.0010872910747586572,0.0005173852652556302,0.0005699058074162838,5b69d61b712e517ac724f642a663c6fd105c6bc90cf92b94c9a33ee00667fae2,ca7e9574fdf177f7cfcbfa46c93fa77349e92f403d1b22ed58a530cbe479dc2c,false
TASK20_VCCSA_AUTHOR_ORIGINAL_FULL_SEED3407_ATTEMPT1,Epoch 89,89,0.0010843637117696884,0.0005338580895709375,0.0005505056213437728,33b692d159ded8f71b89a2bbd204884e69d5d3c4793719ab64e959d7522839aa,ca7e9574fdf177f7cfcbfa46c93fa77349e92f403d1b22ed58a530cbe479dc2c,false
TASK20_VCCSA_AUTHOR_ORIGINAL_FULL_SEED3407_ATTEMPT1,Epoch 90,90,0.0009198381831023406,0.0004114859869451625,0.0005083521960784046,c449f94f2e5cfdcaac105743a8d40a5cd72c068fcba34ca314d3604661429f7b,ca7e9574fdf177f7cfcbfa46c93fa77349e92f403d1b22ed58a530cbe479dc2c,false
TASK20_VCCSA_AUTHOR_ORIGINAL_FULL_SEED3407_ATTEMPT1,Epoch 91,91,0.000894963159353231,0.0005102765771152687,0.0003846865800912408,e68afc04c92f521f166d6ce48243efb775b16b8d2a7236a09fdd65786e6c2c1f,ca7e9574fdf177f7cfcbfa46c93fa77349e92f403d1b22ed58a530cbe479dc2c,false
TASK20_VCCSA_AUTHOR_ORIGINAL_FULL_SEED3407_ATTEMPT1,Epoch 92,92,0.0007681548309614215,0.0002897851001856174,0.0004783697291412457,a96fe239e38a645cbffb78293512d82b39c94f56db332f68fe9dbddd2da2476c,ca7e9574fdf177f7cfcbfa46c93fa77349e92f403d1b22ed58a530cbe479dc2c,false
TASK20_VCCSA_AUTHOR_ORIGINAL_FULL_SEED3407_ATTEMPT1,Epoch 93,93,0.0008328654600683625,0.0003338654731416445,0.0004989999856705959,df907cc6afa0a4d93bbba688f3bbc92ca60d172fd7ed94c58862c90a75494371,ca7e9574fdf177f7cfcbfa46c93fa77349e92f403d1b22ed58a530cbe479dc2c,false
TASK20_VCCSA_AUTHOR_ORIGINAL_FULL_SEED3407_ATTEMPT1,Epoch 94,94,0.0006832023356964875,0.0003228034500345579,0.0003603988865944479,5c02a97943974425a04194088be1ddc3f4c640b3ea510a5244392874e8ff168d,ca7e9574fdf177f7cfcbfa46c93fa77349e92f403d1b22ed58a530cbe479dc2c,false
TASK20_VCCSA_AUTHOR_ORIGINAL_FULL_SEED3407_ATTEMPT1,Epoch 95,95,0.0006674013706584372,0.0003129425665830467,0.0003544588045354184,799e8e4f0c785724eca137bb6d13bcf06181d4467ab8c182b77e92745f7f15cc,ca7e9574fdf177f7cfcbfa46c93fa77349e92f403d1b22ed58a530cbe479dc2c,false
TASK20_VCCSA_AUTHOR_ORIGINAL_FULL_SEED3407_ATTEMPT1,Epoch 96,96,0.0007118947853892244,0.0003377160213332391,0.00037417876467741977,f3b6c67c062e19abf517dbec95f4baf7ce3059f9d9f06c94d3c23c662ebcee01,ca7e9574fdf177f7cfcbfa46c93fa77349e92f403d1b22ed58a530cbe479dc2c,false
TASK20_VCCSA_AUTHOR_ORIGINAL_FULL_SEED3407_ATTEMPT1,Epoch 97,97,0.0006448052221292221,0.00031035391103002976,0.00033445130928436156,de5c0ce538b6bac08b6dbe28c8ed2dfa8231c0eea9ee5e06c01374496fbf9650,ca7e9574fdf177f7cfcbfa46c93fa77349e92f403d1b22ed58a530cbe479dc2c,false
TASK20_VCCSA_AUTHOR_ORIGINAL_FULL_SEED3407_ATTEMPT1,Epoch 98,98,0.0006028989750923758,0.0003137495811327179,0.0002891493935155813,862bdf4359ab57aebc6f1912176196924a0ffe35a49fea52c3a772bf82548fc4,ca7e9574fdf177f7cfcbfa46c93fa77349e92f403d1b22ed58a530cbe479dc2c,false
TASK20_VCCSA_AUTHOR_ORIGINAL_FULL_SEED3407_ATTEMPT1,Epoch 99,99,0.0005767837615625059,0.00033864479170456755,0.000238138969640241,727920395d4d840243e7ddc07ffb374071312c4b3e7b0c27b98805757d01926d,ca7e9574fdf177f7cfcbfa46c93fa77349e92f403d1b22ed58a530cbe479dc2c,false
TASK20_VCCSA_AUTHOR_ORIGINAL_FULL_SEED3407_ATTEMPT1,Epoch 100,100,0.00047526434344372586,0.00021509135100118067,0.00026017299202476846,ef8738aee72a0baa8a328e3ed6a50e1fbf014373534ac1eb058a07dc6dd2db3e,ca7e9574fdf177f7cfcbfa46c93fa77349e92f403d1b22ed58a530cbe479dc2c,false
TASK20_VCCSA_AUTHOR_ORIGINAL_FULL_SEED3407_ATTEMPT1,Epoch 101,101,0.00044646404040637696,0.00019279992400161926,0.00025366411831912134,f83e67f38ea7e2558c5eff6ab71a7dcd62d1021971145b9bb5e90bddb1793ace,ca7e9574fdf177f7cfcbfa46c93fa77349e92f403d1b22ed58a530cbe479dc2c,false
TASK20_VCCSA_AUTHOR_ORIGINAL_FULL_SEED3407_ATTEMPT1,Epoch 102,102,0.0004383785814716001,0.00023055815781025603,0.00020782042376767446,594e55abd47213984721c8829b3388d4e02ba10c0b83b1df5e50da66fdb22fd1,ca7e9574fdf177f7cfcbfa46c93fa77349e92f403d1b22ed58a530cbe479dc2c,false
TASK20_VCCSA_AUTHOR_ORIGINAL_FULL_SEED3407_ATTEMPT1,Epoch 103,103,0.00037327945851055127,0.00018965435057179787,0.00018362510827021536,5a90d6d534b806d5aa947a4b03161a022387cc4b522c27cac131ba4f3765e1a4,ca7e9574fdf177f7cfcbfa46c93fa77349e92f403d1b22ed58a530cbe479dc2c,false
TASK20_VCCSA_AUTHOR_ORIGINAL_FULL_SEED3407_ATTEMPT1,Epoch 104,104,0.00033744354606842544,0.00018776822607663186,0.0001496753218016603,a779bd4a54e42c304b5ac647e4a6c414c682dfd92cadc59b18511c0de7a49b94,ca7e9574fdf177f7cfcbfa46c93fa77349e92f403d1b22ed58a530cbe479dc2c,false
TASK20_VCCSA_AUTHOR_ORIGINAL_FULL_SEED3407_ATTEMPT1,Epoch 105,105,0.00040528141784019063,0.00022682301770292172,0.00017845840001652638,d05d8b7efa1938a42c4e87becb64d7f3ac38182cfa0e12bf321b601b65c75ce4,ca7e9574fdf177f7cfcbfa46c93fa77349e92f403d1b22ed58a530cbe479dc2c,false
TASK20_VCCSA_AUTHOR_ORIGINAL_FULL_SEED3407_ATTEMPT1,Epoch 106,106,0.00025657564040109564,0.00013167253291025132,0.00012490310858469006,b079601bba543830b70d70b7fb9384d9102c97c94195e20aa5dda0e8f14b2610,ca7e9574fdf177f7cfcbfa46c93fa77349e92f403d1b22ed58a530cbe479dc2c,false
TASK20_VCCSA_AUTHOR_ORIGINAL_FULL_SEED3407_ATTEMPT1,Epoch 107,107,0.00025722897501910286,0.00011635727493586167,0.00014087170068014887,aef2f8d37a4aae1ebbfa9c31e72a1c77f80b7b2dca9aa94a92714ec6458c063d,ca7e9574fdf177f7cfcbfa46c93fa77349e92f403d1b22ed58a530cbe479dc2c,false
TASK20_VCCSA_AUTHOR_ORIGINAL_FULL_SEED3407_ATTEMPT1,Epoch 108,108,0.0002792460860568823,0.0001394004887549501,0.00013984559621821414,5b712b9fceb42afe0ad36f1b5ac76e63121c03c0e0e842a64eb8f4131ed68c2b,ca7e9574fdf177f7cfcbfa46c93fa77349e92f403d1b22ed58a530cbe479dc2c,false
TASK20_VCCSA_AUTHOR_ORIGINAL_FULL_SEED3407_ATTEMPT1,Epoch 109,109,0.00021200863182051807,8.618266144843876e-05,0.00012582597121765657,abb8fb2c6b013326fd609e5619e05c36d1bee4784d2a87cf2b48e8d8ff1406aa,ca7e9574fdf177f7cfcbfa46c93fa77349e92f403d1b22ed58a530cbe479dc2c,false
TASK20_VCCSA_AUTHOR_ORIGINAL_FULL_SEED3407_ATTEMPT1,Epoch 110,110,0.00021807305503678258,9.446947589837509e-05,0.00012360358048584108,76e4ca8650ebd9e614aa82d515dd1ff202aba9ea006c48562c0af9c2cdccb5d8,ca7e9574fdf177f7cfcbfa46c93fa77349e92f403d1b22ed58a530cbe479dc2c,false
TASK20_VCCSA_AUTHOR_ORIGINAL_FULL_SEED3407_ATTEMPT1,Epoch 111,111,0.0001678281199158974,8.450944523907108e-05,8.331867478847539e-05,c8ce3517fa75d3c1f393a453a8bda57cb8a7a98d0a617df59e0786cc0887e890,ca7e9574fdf177f7cfcbfa46c93fa77349e92f403d1b22ed58a530cbe479dc2c,false
TASK20_VCCSA_AUTHOR_ORIGINAL_FULL_SEED3407_ATTEMPT1,Epoch 112,112,0.0001414615657305343,6.573474017804249e-05,7.572682474127572e-05,f16f635cb95c164bb58e3fa8b2df80c9a3a5c87de55f1e87e53507d0c00869ce,ca7e9574fdf177f7cfcbfa46c93fa77349e92f403d1b22ed58a530cbe479dc2c,false
TASK20_VCCSA_AUTHOR_ORIGINAL_FULL_SEED3407_ATTEMPT1,Epoch 113,113,0.00014363841666127668,8.07005932490179e-05,6.293782337705767e-05,5dbe796448b09ba4848d8a898f3c1cb5ee0461a5e181b0eb6cad04178cb4207f,ca7e9574fdf177f7cfcbfa46c93fa77349e92f403d1b22ed58a530cbe479dc2c,false
TASK20_VCCSA_AUTHOR_ORIGINAL_FULL_SEED3407_ATTEMPT1,Epoch 114,114,0.00013289510547081191,5.879295210939848e-05,7.41021531921496e-05,77b17f628ce2b146d695926b1e9f0aae2710422c37537a3966658a3108905595,ca7e9574fdf177f7cfcbfa46c93fa77349e92f403d1b22ed58a530cbe479dc2c,false
TASK20_VCCSA_AUTHOR_ORIGINAL_FULL_SEED3407_ATTEMPT1,Epoch 115,115,0.00011980250915082377,5.891829227719118e-05,6.088421672640538e-05,5ddc2bdf84eda3e17c3d179408f8e572f9c150f1167a7e04c4978b07fb19f418,ca7e9574fdf177f7cfcbfa46c93fa77349e92f403d1b22ed58a530cbe479dc2c,false
TASK20_VCCSA_AUTHOR_ORIGINAL_FULL_SEED3407_ATTEMPT1,Epoch 116,116,0.00013738438317969395,5.379466999354343e-05,8.358971355602693e-05,509df38609c50533f4089767acd5728ce2ac3bd2a07e8b91128eaf24f0504622,ca7e9574fdf177f7cfcbfa46c93fa77349e92f403d1b22ed58a530cbe479dc2c,false
TASK20_VCCSA_AUTHOR_ORIGINAL_FULL_SEED3407_ATTEMPT1,Epoch 117,117,0.0001017737935775553,5.1735809947216174e-05,5.003798334115809e-05,f4be8c011da4f8f307ecfd7496130b78a2504db99c045076ecb5e726bcd9b700,ca7e9574fdf177f7cfcbfa46c93fa77349e92f403d1b22ed58a530cbe479dc2c,false
TASK20_VCCSA_AUTHOR_ORIGINAL_FULL_SEED3407_ATTEMPT1,Epoch 118,118,9.454440773648575e-05,5.099998062656271e-05,4.354442619680321e-05,1dd95955a894dfad1a60446054cf0032b9941eb3db0855aac426f4ec56af9c36,ca7e9574fdf177f7cfcbfa46c93fa77349e92f403d1b22ed58a530cbe479dc2c,false
TASK20_VCCSA_AUTHOR_ORIGINAL_FULL_SEED3407_ATTEMPT1,Epoch 119,119,9.602836786319898e-05,5.4519240699406225e-05,4.1509128249481597e-05,996864d1f18694162da116bdda24c817a904cb02520e181b0090ea9b53751340,ca7e9574fdf177f7cfcbfa46c93fa77349e92f403d1b22ed58a530cbe479dc2c,false
TASK20_VCCSA_AUTHOR_ORIGINAL_FULL_SEED3407_ATTEMPT1,Epoch 120,120,0.00010746388440263898,5.95016919537499e-05,4.7962192675174215e-05,ca45b088cb8589d92c906aaeced0f37072ff0c924cd4f7f6e11414cbf2759ab0,ca7e9574fdf177f7cfcbfa46c93fa77349e92f403d1b22ed58a530cbe479dc2c,false
